challenge_id,total_views,total_unique_views
33090,76,6
25505,68,15
7583,29,21
75096,41,16
10853,58,12
90628,81,18
20828,98,15
52594,31,19
57310,62,20
13356,28,23
6998,94,23
38969,50,17
24325,65,14
145,38,19
44435,63,17
74878,33,9
18750,14,10
66149,85,24
42877,47,15
7803,73,16
24989,26,14
6089,80,20
5158,41,11
53323,41,17
70442,72,17
45477,98,22
85817,57,14
70518,93,20
51839,8,8
39388,60,17
54617,86,6
94218,13,6
33696,34,8
92799,29,24
16912,38,10
18307,67,18
70894,52,12
36382,70,25
8162,60,9
99661,63,18
73985,39,8
76589,48,19
43667,99,6
57839,24,23
85632,61,6
99619,70,17
39015,49,16
22652,18,17
62389,99,21
7962,27,25
4226,23,12
43912,46,24
63026,57,10
14292,92,18
56113,46,23
84130,43,25
7346,67,21
82425,23,16
70518,19,19
15197,32,22
65550,28,19
16881,83,6
75478,58,18
57804,47,19
18354,20,13
35776,56,11
86015,22,16
4919,73,12
60168,53,12
92762,39,9
51839,97,16
70814,21,20
79146,42,13
68859,14,8
14724,32,6
64867,94,19
2438,83,14
85316,51,24
67623,61,20
88454,84,10
10865,98,19
42577,40,21
7962,26,24
34139,41,17
57057,19,11
26364,28,14
96135,82,21
34333,72,7
99192,74,23
6921,33,6
45764,43,23
96524,90,16
6095,64,6
68240,67,21
92799,32,10
45962,67,21
61312,30,17
55521,74,13
90979,96,12
22351,21,9
45477,62,8
11914,32,18
94363,12,6
45157,98,13
38908,23,17
86584,29,23
54102,63,18
85569,64,15
72429,21,9
18823,37,23
791,22,22
76262,56,20
12421,28,24
4159,36,10
3019,26,6
66001,14,10
47425,47,16
90022,78,19
2924,75,7
71397,29,8
11646,98,24
42387,61,24
15035,91,14
75574,27,16
76589,14,9
87951,59,10
30465,62,14
3423,41,25
78675,71,8
94767,46,9
55521,88,9
65343,37,19
92288,71,7
68920,69,11
60407,40,20
70706,71,23
11957,83,11
43667,54,10
33700,79,20
7472,18,13
86098,33,13
44709,19,9
74878,61,23
37268,19,9
86674,18,16
53523,24,7
73009,26,16
36584,36,6
41268,60,13
19170,65,22
92762,64,23
24633,41,16
56459,76,23
38430,98,20
72713,30,23
48306,52,23
65789,11,7
47897,28,19
36381,92,20
46631,91,12
83992,30,21
27927,96,17
75096,39,11
60703,18,10
62389,91,21
40747,90,20
47817,17,10
69573,39,18
64311,73,21
10099,22,18
32681,47,20
4850,30,17
91584,31,14
60777,16,6
60192,96,11
54026,22,19
95546,85,19
68613,20,10
63906,75,19
85665,28,23
65771,75,17
15152,57,6
11859,16,10
11859,54,7
98192,41,19
10258,82,20
79938,82,7
47015,50,23
92655,27,14
8386,26,18
58045,56,14
68240,47,12
43071,71,11
38877,42,24
66149,84,6
34336,73,7
87358,70,9
35051,15,6
90147,28,9
90628,20,13
29694,72,8
5069,10,8
28065,31,7
60168,26,17
36056,57,22
98663,72,20
94363,85,25
89953,91,17
1322,98,11
44435,22,9
75535,34,12
90462,33,17
86703,83,15
59439,33,18
4750,52,23
31587,74,14
4247,35,19
85048,21,12
25505,53,25
48306,69,8
55439,70,11
54102,37,19
91972,34,22
4266,52,18
45332,93,12
5652,49,22
21772,84,23
8680,40,6
99619,68,11
12107,36,6
1979,79,17
94767,80,19
37606,53,6
8870,18,14
10853,43,23
7472,55,25
95030,46,8
57206,67,20
45776,28,23
69422,29,13
4159,75,6
55184,74,6
77653,89,10
84055,32,24
77725,87,23
1979,17,16
4866,47,23
11957,98,23
64145,30,10
62475,54,16
83992,17,14
57057,78,25
59414,77,18
36159,18,14
48773,51,18
29166,39,20
76262,48,25
31807,81,21
81186,68,24
94541,83,21
74710,66,15
76080,41,25
33696,18,11
10611,46,24
54206,31,22
16881,45,7
72713,22,12
66617,22,14
68414,88,18
41101,14,6
82017,50,13
45061,87,11
77372,48,7
99833,13,12
51839,14,7
57218,50,16
52462,36,19
85665,38,10
43196,32,22
39304,26,16
98782,44,17
56666,72,18
16877,92,23
90943,49,25
63831,87,11
14292,36,15
75535,93,13
96643,43,15
41352,82,9
68619,59,16
6561,25,24
49376,91,24
94408,72,20
48713,73,18
57839,91,25
99071,93,19
86674,97,18
18207,16,8
62131,40,23
35946,73,11
36382,47,6
83615,39,18
52592,21,16
56222,91,25
24078,15,13
48531,41,19
77865,17,13
46474,68,17
97950,81,22
32674,16,15
7472,56,9
31347,76,20
7583,86,12
21716,98,25
81615,37,21
17015,51,7
31587,95,13
78760,27,16
18291,94,10
5652,97,7
39151,55,19
4850,48,15
29375,90,7
45955,11,6
62471,82,15
83836,45,23
95122,97,22
33285,80,10
8902,25,24
44829,61,25
70894,70,17
2438,30,20
26345,34,15
32235,20,7
66282,59,11
2550,25,20
31923,81,22
99625,77,19
33811,22,12
69573,40,13
59384,43,25
41268,83,7
60192,27,8
11188,51,10
96815,16,16
72130,77,9
47425,33,20
82091,65,11
77720,26,8
67253,94,7
7346,18,8
58040,66,22
57855,24,8
86674,61,22
67542,93,19
85316,79,21
82128,29,16
97950,95,8
60777,21,14
86334,51,14
69003,67,24
27563,43,15
3089,28,16
8680,44,20
23864,87,23
15152,57,25
59414,19,6
59874,68,12
13951,61,16
48773,77,18
18956,98,8
57862,18,16
7803,58,9
63831,32,22
51116,83,19
92138,42,25
6384,22,11
36381,59,16
85736,56,14
51689,22,21
29332,15,11
34960,24,22
80196,20,18
49376,78,21
17394,57,7
77290,98,11
37542,88,17
69136,41,16
99192,41,20
12974,31,25
23080,24,13
18207,88,14
48386,50,15
85956,65,25
56113,79,25
10853,64,13
5069,76,9
84592,23,18
98833,62,22
60768,89,15
57938,15,12
76068,35,7
45776,24,15
24078,45,7
8506,55,22
43013,94,25
85316,83,17
41261,61,19
16348,41,23
95546,20,14
58378,80,15
63893,74,6
23080,65,24
89875,43,10
37458,75,7
37458,19,10
82394,75,6
48944,43,23
7551,21,19
67253,23,21
82425,65,17
145,65,12
61110,64,13
73985,40,15
65536,20,8
77372,28,24
95958,66,21
76686,31,24
42002,33,21
59384,41,11
88454,45,22
85592,20,19
4393,29,17
80579,58,6
67575,63,23
46004,95,10
66459,72,9
66396,25,16
2385,44,20
59483,65,10
57862,66,18
60407,41,23
93562,11,6
36992,46,11
70442,62,23
64127,65,15
69393,45,21
53640,42,23
15709,24,13
77653,64,20
90979,33,24
58787,66,9
13211,30,23
31068,80,10
99625,28,21
52592,28,23
44722,66,23
74902,34,14
3625,10,9
87951,12,11
20881,55,20
91398,49,20
26060,85,25
1985,52,9
8506,53,21
60564,62,18
61780,32,7
46004,39,14
56459,38,14
60168,74,25
41352,66,9
26992,93,22
29394,49,8
38908,67,25
6089,60,16
75574,87,13
91614,73,17
15029,74,20
29827,86,15
64816,19,10
98194,85,7
43737,69,15
39015,90,20
58949,69,6
63722,18,13
27261,95,13
26060,39,14
66459,25,13
54026,63,7
55184,43,18
11957,28,19
64145,28,19
53523,53,8
74637,37,11
8162,67,9
54617,35,18
18064,39,11
38454,24,7
13640,37,11
88554,11,9
63085,32,22
58121,23,17
89202,31,9
65771,63,25
61286,45,24
24360,58,21
25740,73,15
95549,90,13
96643,30,20
773,80,24
3089,38,18
27343,35,22
76262,28,19
73985,95,21
34584,69,24
51026,89,18
77865,16,10
59748,32,7
96987,11,8
6998,98,13
77720,16,9
41547,51,23
32875,19,17
77653,85,22
54102,17,16
80196,99,16
492,40,25
60866,36,22
67253,48,20
41547,75,20
60768,27,15
66844,13,13
48386,42,20
4226,72,12
93931,23,14
26364,39,22
80796,86,24
64127,92,21
61780,84,10
60168,81,13
77720,76,10
29166,29,15
29827,84,8
87093,57,25
18544,69,16
56007,78,18
16912,21,18
18207,22,9
80196,95,9
23864,33,10
12107,18,12
48386,70,12
83615,44,17
99833,27,8
48090,35,25
80196,92,13
74637,21,20
29013,21,8
2148,83,6
1681,35,17
18853,29,24
52979,47,14
54008,58,22
57938,17,10
88109,63,23
17394,21,13
86910,30,23
41352,62,25
79792,16,16
95549,30,6
85830,92,21
2438,21,19
37332,41,21
85817,10,8
86703,25,22
86015,47,25
70053,19,13
66400,58,14
92227,65,23
74744,38,25
2189,21,21
11188,40,10
85592,53,22
49324,33,14
70518,48,10
7803,35,18
56222,79,10
82091,41,23
62026,26,25
69516,8,8
7803,66,25
45962,54,8
492,84,17
62475,34,18
31587,69,25
13951,97,11
62905,53,20
72172,33,24
84426,74,15
26364,15,11
41347,65,16
75096,48,19
50676,29,18
38045,48,24
54052,36,25
76707,37,9
10865,52,23
29827,89,22
34584,24,13
45157,21,18
42773,81,20
18307,34,17
5638,23,9
35051,49,24
69422,34,20
84585,16,15
57939,49,25
76080,29,23
7848,71,17
37509,31,8
8506,61,18
70598,91,25
145,50,14
17394,24,21
49107,62,21
48090,34,21
92138,51,16
4247,24,23
85830,14,12
14724,23,23
36159,20,17
69136,50,15
74710,27,20
73231,89,8
50040,85,17
99833,14,8
28475,26,22
51019,63,21
64665,31,22
57310,37,6
3625,30,21
34336,42,21
82106,60,8
71397,26,6
98842,84,21
60407,30,22
70035,72,15
42445,28,17
90147,39,11
39304,85,8
8897,55,9
75933,52,19
62131,33,11
94847,31,16
6998,28,7
6095,56,9
15869,24,11
26345,9,8
56666,60,11
31347,82,15
38430,96,10
52918,42,8
77725,40,16
95030,29,17
19683,16,13
85665,56,14
63832,23,20
92288,46,10
28620,19,10
55147,80,17
30164,39,11
96135,47,16
11411,75,9
15152,84,7
33090,59,11
95546,26,20
49324,67,11
54383,34,6
18354,38,23
24078,98,20
92288,24,13
75535,85,15
23119,74,18
8870,91,11
83451,42,22
38430,21,8
59439,23,17
35776,23,16
45549,66,13
18655,52,16
48090,10,6
5737,52,18
8162,59,21
73516,15,10
46128,73,14
13164,65,7
3019,60,13
68920,75,25
86584,97,17
69190,53,12
46004,97,10
99661,65,9
95030,47,14
62471,27,9
73813,59,18
98509,26,13
53328,38,23
51026,8,6
66844,55,18
829,33,25
37260,32,24
57206,13,7
43693,13,12
17015,90,20
73603,12,8
40130,39,25
4698,65,24
65343,26,14
37426,62,13
57397,44,17
83615,38,23
94541,35,18
26345,18,10
41268,79,16
88008,30,9
94541,78,22
4266,95,20
1979,22,18
84130,37,23
33674,35,24
18636,43,10
45549,9,6
63831,84,20
3001,74,10
59607,96,13
94408,39,23
60777,64,24
17134,85,9
4393,35,19
3198,47,15
73017,58,25
9442,97,21
10258,94,23
74920,98,7
66459,79,24
99833,59,12
21265,24,13
90147,75,17
94288,31,17
30164,43,18
1322,31,22
12575,89,25
45559,84,8
38037,15,14
51689,63,7
41278,19,14
276,33,25
42087,32,22
75441,90,10
76122,38,14
15152,16,13
31456,68,13
45332,41,6
87055,37,25
80579,50,20
96987,40,21
1183,56,12
52594,90,24
36193,95,25
13535,93,16
44722,82,25
65789,41,9
91614,94,24
73741,66,17
52918,91,10
22553,26,25
85729,8,7
18956,60,11
21265,96,8
5638,16,12
42478,21,15
14724,30,19
16348,68,11
12575,24,21
44829,19,9
5158,34,23
63026,9,6
47897,21,7
39888,72,23
90680,79,25
92156,16,7
34333,48,12
54206,41,12
2775,69,21
59414,30,20
62911,48,18
36159,52,9
18633,64,9
43868,91,7
92843,65,14
78498,99,7
41261,34,9
41871,91,24
97427,29,9
98729,47,7
49942,60,23
21326,37,17
2682,13,12
38454,70,22
3260,41,9
60201,84,12
5880,47,13
24750,45,23
28859,23,7
4850,54,11
5737,48,7
93931,82,9
99851,81,13
17596,92,21
77290,89,19
29037,67,8
64281,63,14
68414,93,16
4449,43,12
62131,14,10
66001,78,13
38908,78,11
42445,78,8
27280,44,16
1985,57,19
41268,11,11
7417,73,11
8347,76,14
85729,29,24
42387,33,17
86798,47,25
83451,46,16
39181,20,16
85048,63,18
41278,80,11
7962,18,15
1526,20,20
58673,25,10
9442,92,7
17603,99,17
4750,86,22
42877,21,9
6377,18,8
39388,66,23
92697,59,13
61110,67,13
64311,37,11
60874,41,8
79542,26,22
34333,18,14
14308,97,14
35608,33,22
31004,44,13
12906,34,23
13951,67,20
4768,37,18
76562,33,19
29013,80,20
86584,48,22
79236,93,20
22938,60,18
2775,38,23
85662,28,15
86584,36,12
86334,74,21
57804,52,9
92799,58,11
70293,80,17
89202,66,21
94541,69,24
1827,31,18
49376,38,24
45776,32,24
15521,65,18
17134,33,24
45230,87,6
65550,42,23
35961,18,17
97937,26,12
26364,69,12
94218,33,20
10853,91,15
55948,23,17
36992,58,8
47425,10,8
47425,31,23
88165,72,25
58627,25,7
90680,39,25
86480,53,21
36244,64,21
8668,57,17
82128,75,23
58470,32,17
6708,69,9
83824,11,8
63832,20,18
59230,38,22
73231,74,23
70293,11,10
97110,34,25
90147,51,21
21284,95,13
48090,19,19
85566,70,23
95546,36,7
95996,93,9
44061,37,12
10779,59,16
75096,74,14
57310,75,12
2924,77,25
99071,62,8
59607,40,17
4266,28,23
20881,29,9
80579,16,7
44435,76,9
39181,21,14
57252,48,6
70518,56,12
37485,68,6
70564,28,17
86015,17,9
9465,89,14
64281,56,19
88454,46,18
29166,84,18
95911,37,18
23898,35,16
82106,23,8
64810,32,23
66282,41,18
6708,8,6
24325,31,17
82091,90,22
88454,49,13
7551,30,22
98833,92,6
49376,38,9
85662,54,14
64311,44,18
54383,48,22
86584,97,10
17603,28,21
88815,56,6
13164,45,15
36159,92,15
45663,35,24
82016,61,9
42370,79,20
20068,29,20
98663,90,13
23908,48,20
66715,30,21
96270,9,8
56459,43,22
12575,52,16
45776,95,22
23864,74,19
97157,85,20
23898,34,21
45955,20,17
61020,25,18
85566,23,13
75478,25,25
21884,46,10
96135,69,24
28404,31,24
82851,37,20
62063,43,18
94910,94,23
73009,90,25
18307,68,11
84426,52,14
73821,61,10
42538,25,18
2924,30,16
38691,82,6
10865,81,22
49107,27,12
73017,90,8
3029,46,13
91804,41,23
95958,60,10
61260,17,9
60777,63,12
63850,11,9
773,98,17
14308,72,18
27343,93,9
96987,20,11
15035,11,8
12974,42,22
76589,68,18
8162,31,18
81526,87,10
90022,77,17
11859,29,18
60706,95,22
85569,77,20
7804,54,14
92655,29,13
79236,18,14
86417,50,6
95911,34,18
35051,40,15
54617,30,17
37260,36,19
84592,8,7
67097,21,20
42649,97,7
4698,84,12
276,39,16
78796,73,20
7848,38,21
59483,84,17
86015,87,17
64086,44,6
84055,66,8
56132,58,25
21284,38,17
53400,89,13
18544,40,25
57862,62,21
76686,31,15
24633,38,17
23080,92,8
91071,51,17
4308,12,7
95570,27,18
45663,13,11
70894,30,20
92655,50,12
95267,51,14
96524,84,15
44709,8,8
75933,66,21
52594,89,13
15447,86,12
20881,90,20
91513,30,24
87093,28,12
77720,58,7
829,46,10
18544,77,12
69393,74,22
34269,14,14
89086,68,14
67149,67,21
6561,86,19
75410,99,17
28404,78,12
4850,79,24
97937,35,20
76068,19,14
99833,74,10
40387,85,22
76080,32,17
63085,44,25
7418,33,18
85566,92,17
31068,31,19
3062,70,25
13958,99,25
55184,29,21
45764,89,19
61602,98,18
37629,64,13
88171,59,21
10853,74,6
96815,44,8
62414,26,14
99068,15,12
87446,23,17
95980,66,9
38454,72,9
38691,58,20
8870,88,18
88723,10,7
85956,13,10
95267,94,17
80036,71,21
38908,53,23
72422,45,25
73821,64,24
29394,50,17
11824,16,13
99728,99,25
32989,13,11
94408,22,7
96135,58,23
68920,82,21
98729,11,8
42156,89,9
41871,35,22
28985,82,10
77992,22,14
65061,55,21
58787,89,25
54865,71,22
75441,88,13
93562,26,16
97203,78,12
42445,17,17
52611,92,19
15779,19,18
67179,87,15
66282,71,16
64816,54,12
46474,24,21
51187,66,6
85048,32,25
44328,30,20
77992,32,9
24078,19,12
17603,43,25
62389,25,15
12559,27,20
63085,73,24
3423,35,15
5638,77,11
56113,18,10
37458,9,7
42156,95,25
88815,58,12
76080,33,22
52401,37,24
31388,95,15
93931,57,13
70650,74,21
64311,79,20
82851,62,6
4393,92,23
33674,73,15
76068,49,19
36244,33,18
25505,81,18
46128,73,16
83739,58,14
81901,57,14
66001,59,7
86098,25,14
44435,68,25
38430,65,20
95996,99,16
43868,32,21
11188,18,16
79542,85,8
95267,35,24
35961,30,16
86703,72,7
37542,52,8
63085,80,6
93562,27,18
61643,21,12
20146,25,15
37260,63,16
65789,85,13
98782,44,13
85662,35,21
58787,27,18
54206,43,9
37629,91,17
8169,12,11
31807,98,24
92138,33,9
13337,73,24
29332,42,10
67575,31,25
3001,99,24
57855,44,20
67253,95,6
76686,16,15
43693,97,12
60407,76,13
15447,17,10
4226,54,17
95079,73,8
5158,73,12
82394,58,21
46004,79,22
94408,55,19
96524,48,9
7060,85,18
88008,80,17
49107,45,20
38877,60,24
21374,21,19
57855,38,24
39304,44,6
54617,16,11
1985,34,21
2682,65,8
94910,86,18
4768,55,24
60192,89,10
76966,34,25
8902,66,24
86015,36,14
37702,72,13
96135,18,10
24078,24,21
68218,89,14
83836,22,16
73009,27,18
68400,93,22
70650,66,19
71592,10,10
69003,74,14
59384,66,13
12107,77,18
40415,73,7
21772,34,15
63195,53,18
68218,40,22
27056,58,20
99454,16,10
91469,92,23
73009,25,20
46749,31,17
1183,22,19
32875,82,7
30465,65,23
18207,93,13
73814,89,23
31483,65,10
64810,38,21
29332,75,10
99619,73,20
16515,75,6
70053,72,8
61602,45,12
67805,31,9
13592,64,21
2148,49,13
92655,41,24
80308,21,14
42538,29,19
36193,84,9
21326,41,23
77290,94,23
65061,60,8
65343,80,16
15709,37,16
74519,82,21
11824,57,16
79236,34,13
43693,20,18
66396,73,19
18853,65,24
4226,77,7
80673,84,15
54206,25,17
54752,52,13
94160,40,20
56222,72,12
33811,99,17
45157,36,9
29375,52,20
61780,71,18
38945,89,16
16881,99,11
99661,29,17
2775,45,24
11188,73,11
59423,32,7
42478,57,17
24360,58,13
56645,39,24
65960,61,21
79146,73,19
82128,87,15
64816,99,15
93232,44,10
88723,50,13
31068,18,9
94910,65,21
84426,86,7
54865,60,7
37332,76,20
78760,41,23
30899,85,24
81526,83,22
77992,20,18
18879,8,6
44722,78,19
10792,64,9
55824,27,25
47881,56,15
74434,65,8
58378,42,20
76122,20,9
23080,96,18
45375,30,16
62703,39,24
87055,74,10
7418,23,21
3294,97,9
31480,56,15
20881,86,17
10779,41,22
88971,62,10
85662,38,25
5737,79,18
79330,64,22
96922,32,13
74434,77,19
67179,73,13
773,41,17
99728,23,20
90680,30,12
54752,70,21
23864,44,10
91584,70,22
21048,64,24
96524,97,9
70814,7,7
66548,88,17
20220,37,7
95461,93,14
72429,82,12
53323,95,19
8162,20,13
95704,88,21
79792,90,13
73649,23,8
51228,15,8
97427,40,19
86417,76,11
64311,64,14
36244,25,23
78760,39,22
61792,44,24
44328,54,13
76426,49,17
76080,17,13
68792,74,19
15447,46,22
96524,87,7
94541,28,9
33285,22,8
53328,23,23
72199,39,15
63831,34,14
35608,36,9
8897,37,21
33996,37,21
68218,58,13
10099,31,17
97157,38,18
78738,23,11
83943,82,10
3260,53,10
4538,52,23
58550,99,22
85665,24,20
1979,17,10
33214,18,18
18853,55,10
25597,96,6
9761,53,7
1003,24,15
13164,91,17
68400,13,8
25505,29,14
57939,22,14
86584,78,9
81615,13,8
35608,68,23
1985,92,7
23864,56,6
27056,16,9
72199,42,20
24360,32,22
95527,19,14
91804,52,7
74902,71,21
64311,36,24
88815,65,16
92697,37,19
36548,62,19
11824,76,9
45230,29,18
28324,34,21
95570,8,7
43667,40,8
36992,31,10
73741,43,13
86334,40,10
34516,88,19
15197,35,17
26580,14,13
37332,60,6
13744,26,20
54982,51,15
39888,35,23
45332,86,8
46004,97,14
16881,68,19
59874,92,24
21284,30,7
37542,89,8
9761,52,17
97359,86,16
64145,75,24
18956,11,6
66282,90,23
6089,29,8
70035,22,14
67148,45,22
34718,90,11
21265,43,23
16515,55,10
92138,78,17
10779,20,14
66715,51,21
26580,44,14
10053,64,22
48386,49,6
25531,64,6
69516,19,14
29037,87,24
92138,90,10
74902,21,19
23110,38,7
51026,75,21
15965,25,15
37606,12,12
56710,24,16
17579,35,16
45230,55,24
88205,56,13
61020,25,22
29375,29,18
80411,99,8
92843,14,10
29694,77,9
7472,31,18
42002,99,12
32127,30,19
44328,57,22
50634,26,16
10865,34,18
90628,37,16
18307,66,10
73821,24,18
64127,63,20
14144,81,20
55774,72,21
18823,92,12
63722,54,11
42773,64,8
38558,66,15
45375,99,23
63312,54,22
20220,41,14
76589,83,22
89953,55,9
26992,15,8
50676,96,21
98663,82,22
65536,19,15
18064,27,17
60777,43,25
63850,44,20
19481,28,12
48645,55,10
62414,17,11
83681,60,17
54982,15,11
95704,40,24
10611,68,24
7803,26,7
92697,97,20
88711,25,21
41278,86,6
23434,94,17
54026,23,14
62703,51,13
5880,51,9
47897,97,18
56803,93,18
23662,91,21
23080,28,19
70398,61,16
18205,25,23
18307,7,6
829,22,12
19170,28,17
99625,31,22
58673,53,7
34269,93,7
42002,10,9
19001,88,15
84130,52,12
52594,45,23
16922,22,10
1712,63,19
88755,23,13
37349,24,13
73649,19,18
39304,28,15
43868,86,23
5158,47,24
82407,52,6
6384,83,15
2438,37,23
27927,33,25
85865,83,7
98833,64,19
54865,27,23
50676,69,8
7848,76,17
86674,38,12
3198,25,16
71397,90,6
76562,87,12
11824,25,25
17134,70,10
14144,46,9
89202,96,13
83943,93,13
8870,78,18
32235,19,10
48944,43,10
46128,29,25
49324,95,17
66149,29,18
96135,36,22
62874,65,24
17572,26,25
43196,40,13
62905,86,24
15564,51,17
88165,39,6
85566,91,16
27096,44,12
54206,38,19
4226,51,23
96135,12,11
13535,72,23
12559,8,7
77372,91,13
43864,17,15
14144,22,15
96922,40,6
43667,74,17
75096,43,21
74878,76,21
82407,44,21
63831,43,6
6377,62,20
11914,36,23
78760,90,24
13744,29,18
73694,19,10
94363,50,24
8595,27,24
60743,83,12
87093,45,18
41268,77,10
47999,88,9
88454,69,12
45549,23,9
58121,91,14
1387,91,25
34336,31,12
10865,16,15
41101,55,16
86412,51,16
39888,84,14
54752,76,16
97879,18,10
86798,20,14
59563,34,20
36056,69,18
18291,16,8
31587,64,9
45955,66,19
15709,68,10
18544,70,18
81615,14,14
4919,90,25
43196,28,19
93931,39,6
65844,41,8
40747,94,13
92254,26,16
55689,35,16
6744,71,13
18064,81,19
3029,24,16
99071,17,15
58045,16,11
41547,36,18
12974,30,22
37629,39,22
64086,28,11
42156,92,13
20042,23,6
76707,51,21
65061,72,11
97937,19,17
829,85,12
20220,29,13
14724,41,20
47158,67,13
76707,76,12
60414,16,16
80196,90,9
6744,59,11
68573,54,8
32127,84,15
37260,46,8
12974,46,21
90147,48,25
95546,37,21
64894,21,13
54102,48,14
69422,78,8
21048,33,25
53328,26,19
66149,59,14
68920,14,14
64311,27,25
37268,25,9
37485,53,11
21374,50,7
25540,96,8
18823,53,10
63893,79,13
1827,32,23
7803,61,24
49376,12,7
27096,46,11
11957,91,11
2741,13,9
18291,47,16
67253,41,25
62911,33,10
7289,83,18
60777,71,19
5158,93,18
13951,54,15
85274,20,11
85729,55,9
55439,25,8
36584,64,21
94160,85,12
7346,32,16
38037,70,21
37332,71,23
18354,21,17
31480,90,6
83681,58,6
38045,28,24
38045,21,7
70488,59,20
73603,73,11
16579,87,18
62414,87,7
96643,30,21
64894,33,21
54865,46,24
37260,52,9
63026,82,6
64022,51,22
68920,23,22
67097,43,16
25531,92,20
60168,47,13
94442,86,15
37260,70,16
27940,53,14
6744,31,10
73814,86,22
88755,30,19
59607,94,17
41714,32,25
26060,32,20
58460,57,10
54752,73,10
48944,40,11
37260,28,9
73649,92,23
96524,36,23
70782,94,8
64234,8,6
13337,25,24
11411,18,16
83681,55,24
65550,94,20
30899,72,23
99068,36,22
9899,69,17
57938,98,13
6089,35,13
84211,80,25
36056,50,24
18064,27,6
42445,73,19
3198,24,15
74902,77,10
97157,51,9
48645,73,19
9465,80,9
86910,82,25
50040,34,25
31587,77,13
89274,33,23
29037,15,12
63722,98,15
39304,35,19
6384,67,16
4850,25,13
65804,21,13
57804,31,23
11338,32,17
92138,64,14
79938,91,16
82535,24,24
72429,26,15
99787,33,21
82106,74,23
21772,15,15
76313,74,11
64867,61,6
80036,53,9
83240,79,9
74932,64,16
85592,34,21
93232,58,6
79330,25,14
61286,33,18
62475,89,6
43737,85,21
70598,82,20
59423,23,18
66715,28,22
45061,79,7
13640,75,9
83824,26,12
31866,24,9
91614,78,17
54383,43,19
87093,38,22
80796,14,11
70035,25,10
56838,30,23
7472,42,18
94021,50,25
68551,51,20
17134,84,15
21884,84,12
23434,26,11
50634,84,9
11338,79,13
59899,22,17
15521,72,14
31347,49,17
83615,35,21
64867,29,17
3257,10,8
34269,73,10
88815,76,19
43667,46,24
60168,35,23
43013,51,23
83739,60,23
46749,61,25
90979,55,7
59874,15,7
60168,97,13
4750,64,21
59874,12,9
58627,95,13
45375,11,6
66617,17,9
43868,49,16
78675,91,15
41352,73,16
3198,74,14
57855,89,12
96135,19,10
4266,66,15
48306,96,25
90147,32,18
38454,89,16
53328,39,20
98192,58,12
86334,31,24
5767,27,24
67793,30,25
21884,33,8
30164,46,22
8045,62,20
31480,22,7
14292,31,14
3257,25,6
27280,97,24
7418,40,16
84130,19,15
71397,71,15
28620,83,7
18291,82,19
99192,56,25
7962,78,22
48695,44,12
10865,24,13
92762,48,11
21772,45,8
68650,33,19
31347,90,24
47817,14,10
45663,35,6
32127,41,22
17015,11,11
65960,22,11
31807,45,24
76080,30,11
86791,77,23
1985,16,16
41261,55,10
57310,20,14
36992,30,25
83483,47,18
89953,22,16
21265,52,17
95122,77,22
27261,6,6
68400,95,9
43868,42,22
5880,77,9
94408,27,16
38691,16,13
46306,64,11
44468,37,22
90943,65,8
45764,43,17
48944,73,19
33700,35,17
90979,87,23
13958,89,6
81901,95,14
85274,37,19
48090,14,7
64022,54,16
39015,50,9
68613,23,22
3001,75,20
43912,85,9
2385,46,24
26345,29,24
50676,67,9
2385,34,13
22780,33,7
62026,86,7
59899,12,10
87446,25,14
64867,67,20
90462,99,10
68792,21,7
60703,99,11
7735,60,7
18307,93,7
27881,93,23
92138,92,13
66149,17,8
69393,87,19
27927,24,18
53323,35,6
3257,59,6
27563,41,12
27261,22,15
57939,33,14
39304,35,21
83451,90,10
24490,61,10
42067,32,17
773,82,17
59414,38,15
60703,18,17
24633,65,14
51026,97,13
54752,72,22
38045,59,21
97155,45,8
85451,37,20
94761,66,23
13164,67,11
8162,42,15
63832,19,15
76562,75,24
39304,76,25
58787,23,13
17015,42,24
5652,75,17
2189,35,22
73017,83,18
71592,34,16
17066,39,20
14724,46,18
3294,14,11
27333,66,10
37606,55,25
14724,52,23
7583,72,24
95704,71,14
15197,63,21
86910,49,14
79236,29,22
10888,21,7
30486,82,21
1712,93,7
99871,91,13
8347,22,19
86798,25,17
37542,99,9
13164,34,18
87845,10,7
49942,24,23
77865,50,15
35022,29,25
145,17,7
81615,76,18
91972,71,15
13337,32,14
43389,52,24
38454,66,23
38969,92,8
43667,49,12
97110,41,12
89875,18,16
75441,85,7
53640,14,9
19683,45,20
78894,21,9
39345,10,9
64281,59,8
23110,26,17
64234,59,13
1183,29,6
56645,28,22
49376,35,18
86584,54,25
88171,55,6
96906,77,8
28985,49,18
74932,25,25
90147,58,17
89086,58,14
63336,87,12
10865,85,7
60281,24,17
3029,26,10
99619,41,12
58040,22,10
20220,81,6
27563,27,13
8902,89,13
68650,65,7
89108,65,24
24724,61,22
70518,98,20
35022,69,16
87845,43,14
13164,95,18
37332,29,23
40130,73,14
18064,98,13
21048,31,19
57057,53,20
70053,36,25
51187,28,6
52979,16,13
87358,49,14
85274,77,16
93123,65,10
94021,71,6
55774,14,9
28065,59,20
35776,90,12
70016,59,20
59483,96,20
84130,75,12
95996,25,17
69393,97,12
48090,38,13
27940,67,22
59384,89,24
72822,31,14
74519,68,12
23434,70,14
70518,41,6
Blog,,
Scoring,,
Environment,,
FAQ,,
About,Us,
Support,,
Careers,,
Terms,Of,Service
Privacy,Policy,
